<?xml version="1.0" encoding="UTF-8"?>
<!DOCTYPE hibernate-configuration SYSTEM
"http://www.hibernate.org/dtd/hibernate-configuration-3.0.dtd">

<hibernate-configuration>
  <session-factory>
    <property name = "hibernate.dialect">org.hibernate.dialect.MySQLDialect</property>
    <property name = "hibernate.connection.driver_class">com.mysql.cj.jdbc.Driver</property>
    <property name = "hibernate.connection.url">jdbc:mysql://localhost:3306/ep1</property>
    <property name = "hibernate.connection.username">root</property>
    <property name = "hibernate.connection.password">Rjchaithu@1610</property>
    <property name="hibernate.hbm2ddl.auto">update</property>
    
    <mapping resource="Student.hbm.xml"/>
  </session-factory>
</hibernate-configuration>